production_date,plant,line,machine_id,shift,planned_qty,actual_qty,good_qty,rejected_qty
2026-05-01,Plant_1,Line_1,M01,A,1057,1019,942,77
2026-05-01,Plant_1,Line_1,M01,B,1185,1014,991,23
2026-05-01,Plant_1,Line_1,M01,C,1113,1029,988,41
2026-05-01,Plant_1,Line_1,M02,A,848,784,755,29
2026-05-01,Plant_1,Line_1,M02,B,987,881,845,36
2026-05-01,Plant_1,Line_1,M02,C,974,919,886,33
2026-05-01,Plant_1,Line_1,M03,A,1043,978,966,12
2026-05-01,Plant_1,Line_1,M03,B,1106,1057,1014,43
2026-05-01,Plant_1,Line_1,M03,C,1073,1083,999,84
2026-05-01,Plant_1,Line_2,M04,A,1041,933,923,10
2026-05-01,Plant_1,Line_2,M04,B,1185,1133,1087,46
2026-05-01,Plant_1,Line_2,M04,C,1063,878,814,64
2026-05-01,Plant_1,Line_2,M05,A,849,808,783,25
2026-05-01,Plant_1,Line_2,M05,B,1189,1024,974,50
2026-05-01,Plant_1,Line_2,M05,C,990,978,938,40
2026-05-01,Plant_1,Line_2,M06,A,1001,999,948,51
2026-05-01,Plant_1,Line_2,M06,B,1103,976,928,48
2026-05-01,Plant_1,Line_2,M06,C,1051,871,843,28
2026-05-01,Plant_1,Line_3,M07,A,1007,976,930,46
2026-05-01,Plant_1,Line_3,M07,B,1079,961,933,28
2026-05-01,Plant_1,Line_3,M07,C,1179,1031,1000,31
2026-05-01,Plant_1,Line_3,M08,A,1100,918,846,72
2026-05-01,Plant_1,Line_3,M08,B,1143,1027,996,31
2026-05-01,Plant_1,Line_3,M08,C,862,847,797,50
2026-05-01,Plant_1,Line_3,M09,A,962,940,891,49
2026-05-01,Plant_1,Line_3,M09,B,1030,978,906,72
2026-05-01,Plant_1,Line_3,M09,C,1000,944,913,31
2026-05-02,Plant_1,Line_1,M01,A,847,757,714,43
2026-05-02,Plant_1,Line_1,M01,B,1092,1054,997,57
2026-05-02,Plant_1,Line_1,M01,C,834,762,749,13
2026-05-02,Plant_1,Line_1,M02,A,930,904,860,44
2026-05-02,Plant_1,Line_1,M02,B,1054,918,907,11
2026-05-02,Plant_1,Line_1,M02,C,1006,910,900,10
2026-05-02,Plant_1,Line_1,M03,A,978,808,764,44
2026-05-02,Plant_1,Line_1,M03,B,851,793,747,46
2026-05-02,Plant_1,Line_1,M03,C,1030,929,871,58
2026-05-02,Plant_1,Line_2,M04,A,835,842,799,43
2026-05-02,Plant_1,Line_2,M04,B,1042,888,822,66
2026-05-02,Plant_1,Line_2,M04,C,844,741,729,12
2026-05-02,Plant_1,Line_2,M05,A,1083,1062,1038,24
2026-05-02,Plant_1,Line_2,M05,B,1085,1081,1046,35
2026-05-02,Plant_1,Line_2,M05,C,1147,1022,947,75
2026-05-02,Plant_1,Line_2,M06,A,1184,1024,984,40
2026-05-02,Plant_1,Line_2,M06,B,915,814,789,25
2026-05-02,Plant_1,Line_2,M06,C,997,919,883,36
2026-05-02,Plant_1,Line_3,M07,A,964,923,897,26
2026-05-02,Plant_1,Line_3,M07,B,951,959,928,31
2026-05-02,Plant_1,Line_3,M07,C,895,833,802,31
2026-05-02,Plant_1,Line_3,M08,A,1117,1133,1046,87
2026-05-02,Plant_1,Line_3,M08,B,1094,1005,974,31
2026-05-02,Plant_1,Line_3,M08,C,912,929,903,26
2026-05-02,Plant_1,Line_3,M09,A,801,737,727,10
2026-05-02,Plant_1,Line_3,M09,B,1023,1024,997,27
2026-05-02,Plant_1,Line_3,M09,C,929,860,825,35
2026-05-03,Plant_1,Line_1,M01,A,997,865,816,49
2026-05-03,Plant_1,Line_1,M01,B,1002,895,871,24
2026-05-03,Plant_1,Line_1,M01,C,1093,976,924,52
2026-05-03,Plant_1,Line_1,M02,A,997,897,837,60
2026-05-03,Plant_1,Line_1,M02,B,943,930,900,30
2026-05-03,Plant_1,Line_1,M02,C,1125,1079,1004,75
2026-05-03,Plant_1,Line_1,M03,A,1051,1004,993,11
2026-05-03,Plant_1,Line_1,M03,B,946,841,827,14
2026-05-03,Plant_1,Line_1,M03,C,927,856,798,58
2026-05-03,Plant_1,Line_2,M04,A,1066,946,930,16
2026-05-03,Plant_1,Line_2,M04,B,950,881,830,51
2026-05-03,Plant_1,Line_2,M04,C,1062,1011,944,67
2026-05-03,Plant_1,Line_2,M05,A,859,749,690,59
2026-05-03,Plant_1,Line_2,M05,B,1053,1052,976,76
2026-05-03,Plant_1,Line_2,M05,C,808,707,666,41
2026-05-03,Plant_1,Line_2,M06,A,1007,1006,934,72
2026-05-03,Plant_1,Line_2,M06,B,919,916,853,63
2026-05-03,Plant_1,Line_2,M06,C,912,777,721,56
2026-05-03,Plant_1,Line_3,M07,A,1139,1066,1028,38
2026-05-03,Plant_1,Line_3,M07,B,898,911,884,27
2026-05-03,Plant_1,Line_3,M07,C,1165,1083,1020,63
2026-05-03,Plant_1,Line_3,M08,A,1007,1026,1004,22
2026-05-03,Plant_1,Line_3,M08,B,867,752,728,24
2026-05-03,Plant_1,Line_3,M08,C,1183,1146,1077,69
2026-05-03,Plant_1,Line_3,M09,A,927,865,851,14
2026-05-03,Plant_1,Line_3,M09,B,1170,1108,1078,30
2026-05-03,Plant_1,Line_3,M09,C,957,970,934,36
2026-05-04,Plant_1,Line_1,M01,A,1063,1005,940,65
2026-05-04,Plant_1,Line_1,M01,B,1085,1029,971,58
2026-05-04,Plant_1,Line_1,M01,C,1116,1026,975,51
2026-05-04,Plant_1,Line_1,M02,A,991,940,919,21
2026-05-04,Plant_1,Line_1,M02,B,1019,931,904,27
2026-05-04,Plant_1,Line_1,M02,C,805,719,712,7
2026-05-04,Plant_1,Line_1,M03,A,1079,956,910,46
2026-05-04,Plant_1,Line_1,M03,B,894,905,842,63
2026-05-04,Plant_1,Line_1,M03,C,990,872,852,20
2026-05-04,Plant_1,Line_2,M04,A,960,848,830,18
2026-05-04,Plant_1,Line_2,M04,B,1080,970,903,67
2026-05-04,Plant_1,Line_2,M04,C,1122,1047,1030,17
2026-05-04,Plant_1,Line_2,M05,A,1087,1037,1001,36
2026-05-04,Plant_1,Line_2,M05,B,926,855,794,61
2026-05-04,Plant_1,Line_2,M05,C,1072,1060,1040,20
2026-05-04,Plant_1,Line_2,M06,A,1045,932,904,28
2026-05-04,Plant_1,Line_2,M06,B,1046,945,919,26
2026-05-04,Plant_1,Line_2,M06,C,812,679,672,7
2026-05-04,Plant_1,Line_3,M07,A,835,818,773,45
2026-05-04,Plant_1,Line_3,M07,B,1199,995,924,71
2026-05-04,Plant_1,Line_3,M07,C,942,843,830,13
2026-05-04,Plant_1,Line_3,M08,A,1014,967,936,31
2026-05-04,Plant_1,Line_3,M08,B,985,914,887,27
2026-05-04,Plant_1,Line_3,M08,C,1113,1104,1074,30
2026-05-04,Plant_1,Line_3,M09,A,969,953,920,33
2026-05-04,Plant_1,Line_3,M09,B,900,832,779,53
2026-05-04,Plant_1,Line_3,M09,C,907,856,843,13
2026-05-05,Plant_1,Line_1,M01,A,1164,999,961,38
2026-05-05,Plant_1,Line_1,M01,B,1154,1093,1027,66
2026-05-05,Plant_1,Line_1,M01,C,1068,1082,1018,64
2026-05-05,Plant_1,Line_1,M02,A,946,926,900,26
2026-05-05,Plant_1,Line_1,M02,B,891,863,840,23
2026-05-05,Plant_1,Line_1,M02,C,916,765,735,30
2026-05-05,Plant_1,Line_1,M03,A,1195,1077,1054,23
2026-05-05,Plant_1,Line_1,M03,B,800,726,707,19
2026-05-05,Plant_1,Line_1,M03,C,917,882,833,49
2026-05-05,Plant_1,Line_2,M04,A,1172,1110,1059,51
2026-05-05,Plant_1,Line_2,M04,B,991,922,874,48
2026-05-05,Plant_1,Line_2,M04,C,1046,867,824,43
2026-05-05,Plant_1,Line_2,M05,A,885,728,715,13
2026-05-05,Plant_1,Line_2,M05,B,868,728,705,23
2026-05-05,Plant_1,Line_2,M05,C,1003,825,773,52
2026-05-05,Plant_1,Line_2,M06,A,1140,1042,1019,23
2026-05-05,Plant_1,Line_2,M06,B,1021,969,957,12
2026-05-05,Plant_1,Line_2,M06,C,1045,989,976,13
2026-05-05,Plant_1,Line_3,M07,A,1022,841,778,63
2026-05-05,Plant_1,Line_3,M07,B,895,887,838,49
2026-05-05,Plant_1,Line_3,M07,C,803,757,700,57
2026-05-05,Plant_1,Line_3,M08,A,1057,872,828,44
2026-05-05,Plant_1,Line_3,M08,B,1139,1065,1026,39
2026-05-05,Plant_1,Line_3,M08,C,1179,997,931,66
2026-05-05,Plant_1,Line_3,M09,A,900,850,793,57
2026-05-05,Plant_1,Line_3,M09,B,967,968,946,22
2026-05-05,Plant_1,Line_3,M09,C,1196,1032,995,37
2026-05-06,Plant_1,Line_1,M01,A,1052,882,832,50
2026-05-06,Plant_1,Line_1,M01,B,1136,1080,1041,39
2026-05-06,Plant_1,Line_1,M01,C,889,789,767,22
2026-05-06,Plant_1,Line_1,M02,A,1190,1003,945,58
2026-05-06,Plant_1,Line_1,M02,B,874,870,817,53
2026-05-06,Plant_1,Line_1,M02,C,1076,1090,1038,52
2026-05-06,Plant_1,Line_1,M03,A,1156,1121,1047,74
2026-05-06,Plant_1,Line_1,M03,B,976,943,926,17
2026-05-06,Plant_1,Line_1,M03,C,895,794,735,59
2026-05-06,Plant_1,Line_2,M04,A,836,725,684,41
2026-05-06,Plant_1,Line_2,M04,B,1078,1046,1028,18
2026-05-06,Plant_1,Line_2,M04,C,1072,993,949,44
2026-05-06,Plant_1,Line_2,M05,A,1016,898,833,65
2026-05-06,Plant_1,Line_2,M05,B,976,810,748,62
2026-05-06,Plant_1,Line_2,M05,C,875,779,720,59
2026-05-06,Plant_1,Line_2,M06,A,1022,1032,981,51
2026-05-06,Plant_1,Line_2,M06,B,1166,975,959,16
2026-05-06,Plant_1,Line_2,M06,C,1195,1058,998,60
2026-05-06,Plant_1,Line_3,M07,A,852,833,779,54
2026-05-06,Plant_1,Line_3,M07,B,908,913,842,71
2026-05-06,Plant_1,Line_3,M07,C,1197,1113,1068,45
2026-05-06,Plant_1,Line_3,M08,A,1014,942,887,55
2026-05-06,Plant_1,Line_3,M08,B,1038,880,825,55
2026-05-06,Plant_1,Line_3,M08,C,1052,1039,998,41
2026-05-06,Plant_1,Line_3,M09,A,967,807,753,54
2026-05-06,Plant_1,Line_3,M09,B,921,782,747,35
2026-05-06,Plant_1,Line_3,M09,C,1138,1065,991,74
2026-05-07,Plant_1,Line_1,M01,A,1141,1121,1036,85
2026-05-07,Plant_1,Line_1,M01,B,1016,953,921,32
2026-05-07,Plant_1,Line_1,M01,C,1051,879,823,56
2026-05-07,Plant_1,Line_1,M02,A,981,942,917,25
2026-05-07,Plant_1,Line_1,M02,B,818,688,658,30
2026-05-07,Plant_1,Line_1,M02,C,940,846,804,42
2026-05-07,Plant_1,Line_1,M03,A,947,799,785,14
2026-05-07,Plant_1,Line_1,M03,B,1160,1123,1059,64
2026-05-07,Plant_1,Line_1,M03,C,1147,1161,1119,42
2026-05-07,Plant_1,Line_2,M04,A,1168,977,932,45
2026-05-07,Plant_1,Line_2,M04,B,916,927,917,10
2026-05-07,Plant_1,Line_2,M04,C,959,893,864,29
2026-05-07,Plant_1,Line_2,M05,A,879,813,749,64
2026-05-07,Plant_1,Line_2,M05,B,1028,894,842,52
2026-05-07,Plant_1,Line_2,M05,C,846,800,754,46
2026-05-07,Plant_1,Line_2,M06,A,800,756,718,38
2026-05-07,Plant_1,Line_2,M06,B,943,912,845,67
2026-05-07,Plant_1,Line_2,M06,C,1129,1140,1058,82
2026-05-07,Plant_1,Line_3,M07,A,955,847,829,18
2026-05-07,Plant_1,Line_3,M07,B,963,878,848,30
2026-05-07,Plant_1,Line_3,M07,C,977,853,823,30
2026-05-07,Plant_1,Line_3,M08,A,1027,1044,983,61
2026-05-07,Plant_1,Line_3,M08,B,944,826,794,32
2026-05-07,Plant_1,Line_3,M08,C,1019,890,873,17
2026-05-07,Plant_1,Line_3,M09,A,834,821,759,62
2026-05-07,Plant_1,Line_3,M09,B,1055,987,914,73
2026-05-07,Plant_1,Line_3,M09,C,809,814,757,57
2026-05-08,Plant_1,Line_1,M01,A,1164,992,954,38
2026-05-08,Plant_1,Line_1,M01,B,1173,1152,1061,91
2026-05-08,Plant_1,Line_1,M01,C,976,873,819,54
2026-05-08,Plant_1,Line_1,M02,A,1016,1030,959,71
2026-05-08,Plant_1,Line_1,M02,B,897,742,728,14
2026-05-08,Plant_1,Line_1,M02,C,1110,1102,1029,73
2026-05-08,Plant_1,Line_1,M03,A,1150,1115,1033,82
2026-05-08,Plant_1,Line_1,M03,B,822,800,740,60
2026-05-08,Plant_1,Line_1,M03,C,882,766,735,31
2026-05-08,Plant_1,Line_2,M04,A,1165,1013,984,29
2026-05-08,Plant_1,Line_2,M04,B,1059,916,864,52
2026-05-08,Plant_1,Line_2,M04,C,1087,901,876,25
2026-05-08,Plant_1,Line_2,M05,A,838,799,762,37
2026-05-08,Plant_1,Line_2,M05,B,917,904,876,28
2026-05-08,Plant_1,Line_2,M05,C,853,864,851,13
2026-05-08,Plant_1,Line_2,M06,A,1050,945,927,18
2026-05-08,Plant_1,Line_2,M06,B,1102,996,932,64
2026-05-08,Plant_1,Line_2,M06,C,1197,1150,1122,28
2026-05-08,Plant_1,Line_3,M07,A,991,815,787,28
2026-05-08,Plant_1,Line_3,M07,B,897,849,808,41
2026-05-08,Plant_1,Line_3,M07,C,1107,1028,986,42
2026-05-08,Plant_1,Line_3,M08,A,1134,1019,965,54
2026-05-08,Plant_1,Line_3,M08,B,850,815,762,53
2026-05-08,Plant_1,Line_3,M08,C,937,941,900,41
2026-05-08,Plant_1,Line_3,M09,A,1139,1038,957,81
2026-05-08,Plant_1,Line_3,M09,B,852,757,739,18
2026-05-08,Plant_1,Line_3,M09,C,842,730,719,11
2026-05-09,Plant_1,Line_1,M01,A,1048,955,907,48
2026-05-09,Plant_1,Line_1,M01,B,1173,1125,1100,25
2026-05-09,Plant_1,Line_1,M01,C,1187,1055,979,76
2026-05-09,Plant_1,Line_1,M02,A,994,917,846,71
2026-05-09,Plant_1,Line_1,M02,B,860,738,729,9
2026-05-09,Plant_1,Line_1,M02,C,804,714,690,24
2026-05-09,Plant_1,Line_1,M03,A,821,687,675,12
2026-05-09,Plant_1,Line_1,M03,B,1032,919,853,66
2026-05-09,Plant_1,Line_1,M03,C,877,777,752,25
2026-05-09,Plant_1,Line_2,M04,A,1081,1059,1002,57
2026-05-09,Plant_1,Line_2,M04,B,1038,957,937,20
2026-05-09,Plant_1,Line_2,M04,C,847,704,684,20
2026-05-09,Plant_1,Line_2,M05,A,1056,883,838,45
2026-05-09,Plant_1,Line_2,M05,B,979,843,813,30
2026-05-09,Plant_1,Line_2,M05,C,1013,878,823,55
2026-05-09,Plant_1,Line_2,M06,A,877,800,751,49
2026-05-09,Plant_1,Line_2,M06,B,813,690,677,13
2026-05-09,Plant_1,Line_2,M06,C,802,801,765,36
2026-05-09,Plant_1,Line_3,M07,A,1038,857,797,60
2026-05-09,Plant_1,Line_3,M07,B,1093,1012,985,27
2026-05-09,Plant_1,Line_3,M07,C,918,822,813,9
2026-05-09,Plant_1,Line_3,M08,A,1072,924,894,30
2026-05-09,Plant_1,Line_3,M08,B,1099,952,920,32
2026-05-09,Plant_1,Line_3,M08,C,824,787,736,51
2026-05-09,Plant_1,Line_3,M09,A,908,831,789,42
2026-05-09,Plant_1,Line_3,M09,B,833,775,736,39
2026-05-09,Plant_1,Line_3,M09,C,1035,875,849,26
2026-05-10,Plant_1,Line_1,M01,A,805,804,762,42
2026-05-10,Plant_1,Line_1,M01,B,1114,1133,1074,59
2026-05-10,Plant_1,Line_1,M01,C,1088,893,870,23
2026-05-10,Plant_1,Line_1,M02,A,869,755,739,16
2026-05-10,Plant_1,Line_1,M02,B,1130,946,884,62
2026-05-10,Plant_1,Line_1,M02,C,951,950,936,14
2026-05-10,Plant_1,Line_1,M03,A,1042,858,808,50
2026-05-10,Plant_1,Line_1,M03,B,1022,1021,970,51
2026-05-10,Plant_1,Line_1,M03,C,874,867,809,58
2026-05-10,Plant_1,Line_2,M04,A,1168,1072,1008,64
2026-05-10,Plant_1,Line_2,M04,B,861,866,824,42
2026-05-10,Plant_1,Line_2,M04,C,1191,1090,1016,74
2026-05-10,Plant_1,Line_2,M05,A,932,799,773,26
2026-05-10,Plant_1,Line_2,M05,B,1074,923,867,56
2026-05-10,Plant_1,Line_2,M05,C,939,791,750,41
2026-05-10,Plant_1,Line_2,M06,A,1119,937,895,42
2026-05-10,Plant_1,Line_2,M06,B,1155,1021,969,52
2026-05-10,Plant_1,Line_2,M06,C,1189,1055,1035,20
2026-05-10,Plant_1,Line_3,M07,A,937,953,922,31
2026-05-10,Plant_1,Line_3,M07,B,929,778,763,15
2026-05-10,Plant_1,Line_3,M07,C,1128,1096,1040,56
2026-05-10,Plant_1,Line_3,M08,A,837,755,730,25
2026-05-10,Plant_1,Line_3,M08,B,1104,1093,1025,68
2026-05-10,Plant_1,Line_3,M08,C,1133,1140,1050,90
2026-05-10,Plant_1,Line_3,M09,A,875,783,725,58
2026-05-10,Plant_1,Line_3,M09,B,1119,1046,974,72
2026-05-10,Plant_1,Line_3,M09,C,1127,1110,1041,69
2026-05-11,Plant_1,Line_1,M01,A,1115,950,930,20
2026-05-11,Plant_1,Line_1,M01,B,804,697,660,37
2026-05-11,Plant_1,Line_1,M01,C,861,767,713,54
2026-05-11,Plant_1,Line_1,M02,A,888,849,814,35
2026-05-11,Plant_1,Line_1,M02,B,903,808,774,34
2026-05-11,Plant_1,Line_1,M02,C,1152,1116,1066,50
2026-05-11,Plant_1,Line_1,M03,A,952,848,817,31
2026-05-11,Plant_1,Line_1,M03,B,1108,1109,1050,59
2026-05-11,Plant_1,Line_1,M03,C,997,1004,950,54
2026-05-11,Plant_1,Line_2,M04,A,841,713,667,46
2026-05-11,Plant_1,Line_2,M04,B,956,878,824,54
2026-05-11,Plant_1,Line_2,M04,C,956,812,787,25
2026-05-11,Plant_1,Line_2,M05,A,1088,899,855,44
2026-05-11,Plant_1,Line_2,M05,B,809,743,697,46
2026-05-11,Plant_1,Line_2,M05,C,917,902,886,16
2026-05-11,Plant_1,Line_2,M06,A,1027,936,888,48
2026-05-11,Plant_1,Line_2,M06,B,814,797,781,16
2026-05-11,Plant_1,Line_2,M06,C,846,762,714,48
2026-05-11,Plant_1,Line_3,M07,A,894,840,799,41
2026-05-11,Plant_1,Line_3,M07,B,1081,940,908,32
2026-05-11,Plant_1,Line_3,M07,C,810,819,792,27
2026-05-11,Plant_1,Line_3,M08,A,933,839,804,35
2026-05-11,Plant_1,Line_3,M08,B,1101,1038,962,76
2026-05-11,Plant_1,Line_3,M08,C,903,831,788,43
2026-05-11,Plant_1,Line_3,M09,A,910,878,833,45
2026-05-11,Plant_1,Line_3,M09,B,1155,1159,1084,75
2026-05-11,Plant_1,Line_3,M09,C,1092,1049,1028,21
2026-05-12,Plant_1,Line_1,M01,A,891,797,786,11
2026-05-12,Plant_1,Line_1,M01,B,850,822,761,61
2026-05-12,Plant_1,Line_1,M01,C,1013,1015,997,18
2026-05-12,Plant_1,Line_1,M02,A,900,915,853,62
2026-05-12,Plant_1,Line_1,M02,B,981,968,936,32
2026-05-12,Plant_1,Line_1,M02,C,854,739,701,38
2026-05-12,Plant_1,Line_1,M03,A,1108,982,917,65
2026-05-12,Plant_1,Line_1,M03,B,916,861,846,15
2026-05-12,Plant_1,Line_1,M03,C,1043,967,896,71
2026-05-12,Plant_1,Line_2,M04,A,1185,1082,1035,47
2026-05-12,Plant_1,Line_2,M04,B,1146,1043,1017,26
2026-05-12,Plant_1,Line_2,M04,C,1163,1165,1134,31
2026-05-12,Plant_1,Line_2,M05,A,824,757,728,29
2026-05-12,Plant_1,Line_2,M05,B,1143,1008,943,65
2026-05-12,Plant_1,Line_2,M05,C,949,819,799,20
2026-05-12,Plant_1,Line_2,M06,A,848,725,669,56
2026-05-12,Plant_1,Line_2,M06,B,976,909,846,63
2026-05-12,Plant_1,Line_2,M06,C,862,878,839,39
2026-05-12,Plant_1,Line_3,M07,A,1056,931,896,35
2026-05-12,Plant_1,Line_3,M07,B,1178,1154,1115,39
2026-05-12,Plant_1,Line_3,M07,C,957,821,811,10
2026-05-12,Plant_1,Line_3,M08,A,1085,1071,1017,54
2026-05-12,Plant_1,Line_3,M08,B,1056,1029,987,42
2026-05-12,Plant_1,Line_3,M08,C,993,920,880,40
2026-05-12,Plant_1,Line_3,M09,A,1021,951,932,19
2026-05-12,Plant_1,Line_3,M09,B,1184,1050,1034,16
2026-05-12,Plant_1,Line_3,M09,C,930,832,808,24
2026-05-13,Plant_1,Line_1,M01,A,1165,1077,1006,71
2026-05-13,Plant_1,Line_1,M01,B,854,726,683,43
2026-05-13,Plant_1,Line_1,M01,C,1148,1035,985,50
2026-05-13,Plant_1,Line_1,M02,A,1122,971,916,55
2026-05-13,Plant_1,Line_1,M02,B,1127,947,885,62
2026-05-13,Plant_1,Line_1,M02,C,866,863,821,42
2026-05-13,Plant_1,Line_1,M03,A,1063,892,868,24
2026-05-13,Plant_1,Line_1,M03,B,877,824,770,54
2026-05-13,Plant_1,Line_1,M03,C,1199,1078,1017,61
2026-05-13,Plant_1,Line_2,M04,A,1197,1051,975,76
2026-05-13,Plant_1,Line_2,M04,B,806,762,716,46
2026-05-13,Plant_1,Line_2,M04,C,884,729,713,16
2026-05-13,Plant_1,Line_2,M05,A,835,792,746,46
2026-05-13,Plant_1,Line_2,M05,B,1184,1164,1125,39
2026-05-13,Plant_1,Line_2,M05,C,1033,1017,981,36
2026-05-13,Plant_1,Line_2,M06,A,918,801,758,43
2026-05-13,Plant_1,Line_2,M06,B,1055,981,942,39
2026-05-13,Plant_1,Line_2,M06,C,1154,1165,1092,73
2026-05-13,Plant_1,Line_3,M07,A,1079,909,864,45
2026-05-13,Plant_1,Line_3,M07,B,858,857,801,56
2026-05-13,Plant_1,Line_3,M07,C,1008,924,882,42
2026-05-13,Plant_1,Line_3,M08,A,808,750,710,40
2026-05-13,Plant_1,Line_3,M08,B,1158,1000,945,55
2026-05-13,Plant_1,Line_3,M08,C,803,679,630,49
2026-05-13,Plant_1,Line_3,M09,A,897,784,776,8
2026-05-13,Plant_1,Line_3,M09,B,945,875,817,58
2026-05-13,Plant_1,Line_3,M09,C,840,734,699,35
2026-05-14,Plant_1,Line_1,M01,A,952,875,823,52
2026-05-14,Plant_1,Line_1,M01,B,916,753,739,14
2026-05-14,Plant_1,Line_1,M01,C,1112,971,912,59
2026-05-14,Plant_1,Line_1,M02,A,897,843,796,47
2026-05-14,Plant_1,Line_1,M02,B,1193,1196,1149,47
2026-05-14,Plant_1,Line_1,M02,C,989,913,901,12
2026-05-14,Plant_1,Line_1,M03,A,1109,1073,1057,16
2026-05-14,Plant_1,Line_1,M03,B,1091,1062,1047,15
2026-05-14,Plant_1,Line_1,M03,C,1066,935,903,32
2026-05-14,Plant_1,Line_2,M04,A,912,879,833,46
2026-05-14,Plant_1,Line_2,M04,B,1109,1014,957,57
2026-05-14,Plant_1,Line_2,M04,C,1045,885,847,38
2026-05-14,Plant_1,Line_2,M05,A,1049,866,842,24
2026-05-14,Plant_1,Line_2,M05,B,1026,1014,944,70
2026-05-14,Plant_1,Line_2,M05,C,1164,990,937,53
2026-05-14,Plant_1,Line_2,M06,A,872,728,684,44
2026-05-14,Plant_1,Line_2,M06,B,1016,976,926,50
2026-05-14,Plant_1,Line_2,M06,C,824,716,668,48
2026-05-14,Plant_1,Line_3,M07,A,1028,843,778,65
2026-05-14,Plant_1,Line_3,M07,B,901,845,816,29
2026-05-14,Plant_1,Line_3,M07,C,843,827,764,63
2026-05-14,Plant_1,Line_3,M08,A,816,824,791,33
2026-05-14,Plant_1,Line_3,M08,B,1102,922,851,71
2026-05-14,Plant_1,Line_3,M08,C,1138,1099,1026,73
2026-05-14,Plant_1,Line_3,M09,A,1014,978,925,53
2026-05-14,Plant_1,Line_3,M09,B,999,869,831,38
2026-05-14,Plant_1,Line_3,M09,C,942,903,891,12
2026-05-15,Plant_1,Line_1,M01,A,825,683,643,40
2026-05-15,Plant_1,Line_1,M01,B,998,1017,968,49
2026-05-15,Plant_1,Line_1,M01,C,885,887,877,10
2026-05-15,Plant_1,Line_1,M02,A,916,885,865,20
2026-05-15,Plant_1,Line_1,M02,B,1127,1143,1057,86
2026-05-15,Plant_1,Line_1,M02,C,881,853,842,11
2026-05-15,Plant_1,Line_1,M03,A,902,746,708,38
2026-05-15,Plant_1,Line_1,M03,B,907,765,754,11
2026-05-15,Plant_1,Line_1,M03,C,1092,1011,970,41
2026-05-15,Plant_1,Line_2,M04,A,1163,1086,1015,71
2026-05-15,Plant_1,Line_2,M04,B,803,785,760,25
2026-05-15,Plant_1,Line_2,M04,C,1009,932,895,37
2026-05-15,Plant_1,Line_2,M05,A,907,785,776,9
2026-05-15,Plant_1,Line_2,M05,B,969,986,977,9
2026-05-15,Plant_1,Line_2,M05,C,1068,988,914,74
2026-05-15,Plant_1,Line_2,M06,A,1026,855,846,9
2026-05-15,Plant_1,Line_2,M06,B,828,806,776,30
2026-05-15,Plant_1,Line_2,M06,C,1044,956,908,48
2026-05-15,Plant_1,Line_3,M07,A,1035,1052,985,67
2026-05-15,Plant_1,Line_3,M07,B,1158,1070,1005,65
2026-05-15,Plant_1,Line_3,M07,C,976,821,793,28
2026-05-15,Plant_1,Line_3,M08,A,957,947,891,56
2026-05-15,Plant_1,Line_3,M08,B,1092,904,894,10
2026-05-15,Plant_1,Line_3,M08,C,872,734,707,27
2026-05-15,Plant_1,Line_3,M09,A,939,949,887,62
2026-05-15,Plant_1,Line_3,M09,B,1179,1065,989,76
2026-05-15,Plant_1,Line_3,M09,C,1101,1035,960,75
2026-05-16,Plant_1,Line_1,M01,A,1025,874,805,69
2026-05-16,Plant_1,Line_1,M01,B,858,772,720,52
2026-05-16,Plant_1,Line_1,M01,C,1109,1044,997,47
2026-05-16,Plant_1,Line_1,M02,A,1129,936,902,34
2026-05-16,Plant_1,Line_1,M02,B,1040,1051,980,71
2026-05-16,Plant_1,Line_1,M02,C,804,668,617,51
2026-05-16,Plant_1,Line_1,M03,A,976,901,855,46
2026-05-16,Plant_1,Line_1,M03,B,1040,888,855,33
2026-05-16,Plant_1,Line_1,M03,C,977,897,826,71
2026-05-16,Plant_1,Line_2,M04,A,802,788,768,20
2026-05-16,Plant_1,Line_2,M04,B,919,891,880,11
2026-05-16,Plant_1,Line_2,M04,C,867,811,798,13
2026-05-16,Plant_1,Line_2,M05,A,904,812,789,23
2026-05-16,Plant_1,Line_2,M05,B,828,826,763,63
2026-05-16,Plant_1,Line_2,M05,C,1131,935,905,30
2026-05-16,Plant_1,Line_2,M06,A,824,766,754,12
2026-05-16,Plant_1,Line_2,M06,B,923,825,802,23
2026-05-16,Plant_1,Line_2,M06,C,1188,985,939,46
2026-05-16,Plant_1,Line_3,M07,A,836,722,681,41
2026-05-16,Plant_1,Line_3,M07,B,880,732,680,52
2026-05-16,Plant_1,Line_3,M07,C,1117,1048,978,70
2026-05-16,Plant_1,Line_3,M08,A,855,814,775,39
2026-05-16,Plant_1,Line_3,M08,B,1036,1001,955,46
2026-05-16,Plant_1,Line_3,M08,C,1135,1080,1005,75
2026-05-16,Plant_1,Line_3,M09,A,858,731,707,24
2026-05-16,Plant_1,Line_3,M09,B,844,809,763,46
2026-05-16,Plant_1,Line_3,M09,C,990,950,928,22
2026-05-17,Plant_1,Line_1,M01,A,932,928,863,65
2026-05-17,Plant_1,Line_1,M01,B,830,817,802,15
2026-05-17,Plant_1,Line_1,M01,C,1162,1005,932,73
2026-05-17,Plant_1,Line_1,M02,A,881,866,807,59
2026-05-17,Plant_1,Line_1,M02,B,811,666,646,20
2026-05-17,Plant_1,Line_1,M02,C,845,748,712,36
2026-05-17,Plant_1,Line_1,M03,A,1159,1010,956,54
2026-05-17,Plant_1,Line_1,M03,B,1143,1124,1103,21
2026-05-17,Plant_1,Line_1,M03,C,873,791,737,54
2026-05-17,Plant_1,Line_2,M04,A,859,735,689,46
2026-05-17,Plant_1,Line_2,M04,B,1077,1085,1022,63
2026-05-17,Plant_1,Line_2,M04,C,1041,1050,1028,22
2026-05-17,Plant_1,Line_2,M05,A,811,675,641,34
2026-05-17,Plant_1,Line_2,M05,B,992,824,812,12
2026-05-17,Plant_1,Line_2,M05,C,1009,1003,925,78
2026-05-17,Plant_1,Line_2,M06,A,1084,985,931,54
2026-05-17,Plant_1,Line_2,M06,B,1180,1058,1043,15
2026-05-17,Plant_1,Line_2,M06,C,832,736,704,32
2026-05-17,Plant_1,Line_3,M07,A,857,702,688,14
2026-05-17,Plant_1,Line_3,M07,B,1025,1044,1003,41
2026-05-17,Plant_1,Line_3,M07,C,1196,1185,1130,55
2026-05-17,Plant_1,Line_3,M08,A,1084,1039,1013,26
2026-05-17,Plant_1,Line_3,M08,B,929,905,882,23
2026-05-17,Plant_1,Line_3,M08,C,826,820,757,63
2026-05-17,Plant_1,Line_3,M09,A,891,860,797,63
2026-05-17,Plant_1,Line_3,M09,B,1156,1095,1054,41
2026-05-17,Plant_1,Line_3,M09,C,1186,1046,1013,33
2026-05-18,Plant_1,Line_1,M01,A,814,788,770,18
2026-05-18,Plant_1,Line_1,M01,B,1080,1040,989,51
2026-05-18,Plant_1,Line_1,M01,C,1007,935,916,19
2026-05-18,Plant_1,Line_1,M02,A,944,791,775,16
2026-05-18,Plant_1,Line_1,M02,B,826,816,765,51
2026-05-18,Plant_1,Line_1,M02,C,1186,1161,1126,35
2026-05-18,Plant_1,Line_1,M03,A,823,826,783,43
2026-05-18,Plant_1,Line_1,M03,B,845,770,763,7
2026-05-18,Plant_1,Line_1,M03,C,1072,1009,982,27
2026-05-18,Plant_1,Line_2,M04,A,808,694,664,30
2026-05-18,Plant_1,Line_2,M04,B,1118,1062,1028,34
2026-05-18,Plant_1,Line_2,M04,C,1185,1160,1124,36
2026-05-18,Plant_1,Line_2,M05,A,1004,853,817,36
2026-05-18,Plant_1,Line_2,M05,B,1119,1006,928,78
2026-05-18,Plant_1,Line_2,M05,C,965,847,798,49
2026-05-18,Plant_1,Line_2,M06,A,1088,1099,1019,80
2026-05-18,Plant_1,Line_2,M06,B,1066,976,960,16
2026-05-18,Plant_1,Line_2,M06,C,875,890,873,17
2026-05-18,Plant_1,Line_3,M07,A,879,805,786,19
2026-05-18,Plant_1,Line_3,M07,B,960,894,885,9
2026-05-18,Plant_1,Line_3,M07,C,1152,1063,1046,17
2026-05-18,Plant_1,Line_3,M08,A,876,732,705,27
2026-05-18,Plant_1,Line_3,M08,B,993,1008,984,24
2026-05-18,Plant_1,Line_3,M08,C,921,902,881,21
2026-05-18,Plant_1,Line_3,M09,A,1174,1120,1035,85
2026-05-18,Plant_1,Line_3,M09,B,1116,1072,1059,13
2026-05-18,Plant_1,Line_3,M09,C,1061,1000,948,52
2026-05-19,Plant_1,Line_1,M01,A,840,807,750,57
2026-05-19,Plant_1,Line_1,M01,B,977,923,864,59
2026-05-19,Plant_1,Line_1,M01,C,910,894,881,13
2026-05-19,Plant_1,Line_1,M02,A,883,821,779,42
2026-05-19,Plant_1,Line_1,M02,B,821,747,706,41
2026-05-19,Plant_1,Line_1,M02,C,1096,934,896,38
2026-05-19,Plant_1,Line_1,M03,A,811,705,691,14
2026-05-19,Plant_1,Line_1,M03,B,1100,1037,1003,34
2026-05-19,Plant_1,Line_1,M03,C,1037,920,900,20
2026-05-19,Plant_1,Line_2,M04,A,918,832,822,10
2026-05-19,Plant_1,Line_2,M04,B,1099,1023,962,61
2026-05-19,Plant_1,Line_2,M04,C,949,841,801,40
2026-05-19,Plant_1,Line_2,M05,A,858,815,796,19
2026-05-19,Plant_1,Line_2,M05,B,834,720,692,28
2026-05-19,Plant_1,Line_2,M05,C,1006,876,839,37
2026-05-19,Plant_1,Line_2,M06,A,1149,1162,1117,45
2026-05-19,Plant_1,Line_2,M06,B,823,744,719,25
2026-05-19,Plant_1,Line_2,M06,C,1163,1132,1081,51
2026-05-19,Plant_1,Line_3,M07,A,849,843,801,42
2026-05-19,Plant_1,Line_3,M07,B,1049,1012,968,44
2026-05-19,Plant_1,Line_3,M07,C,865,812,759,53
2026-05-19,Plant_1,Line_3,M08,A,1094,957,908,49
2026-05-19,Plant_1,Line_3,M08,B,1045,931,897,34
2026-05-19,Plant_1,Line_3,M08,C,817,773,726,47
2026-05-19,Plant_1,Line_3,M09,A,1154,1125,1082,43
2026-05-19,Plant_1,Line_3,M09,B,886,838,808,30
2026-05-19,Plant_1,Line_3,M09,C,801,685,638,47
2026-05-20,Plant_1,Line_1,M01,A,840,730,679,51
2026-05-20,Plant_1,Line_1,M01,B,910,854,811,43
2026-05-20,Plant_1,Line_1,M01,C,883,828,811,17
2026-05-20,Plant_1,Line_1,M02,A,1178,1039,1000,39
2026-05-20,Plant_1,Line_1,M02,B,962,915,886,29
2026-05-20,Plant_1,Line_1,M02,C,963,976,936,40
2026-05-20,Plant_1,Line_1,M03,A,1194,1190,1142,48
2026-05-20,Plant_1,Line_1,M03,B,879,812,785,27
2026-05-20,Plant_1,Line_1,M03,C,1149,975,935,40
2026-05-20,Plant_1,Line_2,M04,A,1063,1002,943,59
2026-05-20,Plant_1,Line_2,M04,B,863,769,741,28
2026-05-20,Plant_1,Line_2,M04,C,906,876,827,49
2026-05-20,Plant_1,Line_2,M05,A,964,941,886,55
2026-05-20,Plant_1,Line_2,M05,B,1111,1041,968,73
2026-05-20,Plant_1,Line_2,M05,C,907,841,831,10
2026-05-20,Plant_1,Line_2,M06,A,1133,941,897,44
2026-05-20,Plant_1,Line_2,M06,B,819,680,643,37
2026-05-20,Plant_1,Line_2,M06,C,834,759,702,57
2026-05-20,Plant_1,Line_3,M07,A,1124,944,896,48
2026-05-20,Plant_1,Line_3,M07,B,811,689,635,54
2026-05-20,Plant_1,Line_3,M07,C,1015,971,961,10
2026-05-20,Plant_1,Line_3,M08,A,1016,962,894,68
2026-05-20,Plant_1,Line_3,M08,B,1022,890,849,41
2026-05-20,Plant_1,Line_3,M08,C,1093,926,915,11
2026-05-20,Plant_1,Line_3,M09,A,1100,933,863,70
2026-05-20,Plant_1,Line_3,M09,B,1179,1125,1038,87
2026-05-20,Plant_1,Line_3,M09,C,928,896,878,18
2026-05-21,Plant_1,Line_1,M01,A,1157,1149,1124,25
2026-05-21,Plant_1,Line_1,M01,B,1089,1037,956,81
2026-05-21,Plant_1,Line_1,M01,C,913,793,739,54
2026-05-21,Plant_1,Line_1,M02,A,1102,1029,1017,12
2026-05-21,Plant_1,Line_1,M02,B,1127,1103,1022,81
2026-05-21,Plant_1,Line_1,M02,C,800,690,652,38
2026-05-21,Plant_1,Line_1,M03,A,852,812,772,40
2026-05-21,Plant_1,Line_1,M03,B,1019,868,823,45
2026-05-21,Plant_1,Line_1,M03,C,862,875,842,33
2026-05-21,Plant_1,Line_2,M04,A,975,946,931,15
2026-05-21,Plant_1,Line_2,M04,B,958,927,861,66
2026-05-21,Plant_1,Line_2,M04,C,1180,1148,1063,85
2026-05-21,Plant_1,Line_2,M05,A,818,802,752,50
2026-05-21,Plant_1,Line_2,M05,B,1078,977,912,65
2026-05-21,Plant_1,Line_2,M05,C,1143,1005,950,55
2026-05-21,Plant_1,Line_2,M06,A,1012,895,864,31
2026-05-21,Plant_1,Line_2,M06,B,998,930,896,34
2026-05-21,Plant_1,Line_2,M06,C,892,811,790,21
2026-05-21,Plant_1,Line_3,M07,A,1090,943,929,14
2026-05-21,Plant_1,Line_3,M07,B,1154,985,931,54
2026-05-21,Plant_1,Line_3,M07,C,1064,953,886,67
2026-05-21,Plant_1,Line_3,M08,A,1103,1091,1011,80
2026-05-21,Plant_1,Line_3,M08,B,1020,906,873,33
2026-05-21,Plant_1,Line_3,M08,C,1103,1032,984,48
2026-05-21,Plant_1,Line_3,M09,A,1070,961,915,46
2026-05-21,Plant_1,Line_3,M09,B,1101,1060,979,81
2026-05-21,Plant_1,Line_3,M09,C,820,704,697,7
2026-05-22,Plant_1,Line_1,M01,A,1102,919,849,70
2026-05-22,Plant_1,Line_1,M01,B,1091,1096,1081,15
2026-05-22,Plant_1,Line_1,M01,C,1076,985,962,23
2026-05-22,Plant_1,Line_1,M02,A,1133,1039,1010,29
2026-05-22,Plant_1,Line_1,M02,B,851,811,751,60
2026-05-22,Plant_1,Line_1,M02,C,955,886,858,28
2026-05-22,Plant_1,Line_1,M03,A,957,921,895,26
2026-05-22,Plant_1,Line_1,M03,B,931,916,874,42
2026-05-22,Plant_1,Line_1,M03,C,1062,1015,992,23
2026-05-22,Plant_1,Line_2,M04,A,1196,1024,993,31
2026-05-22,Plant_1,Line_2,M04,B,1040,970,943,27
2026-05-22,Plant_1,Line_2,M04,C,835,755,743,12
2026-05-22,Plant_1,Line_2,M05,A,1109,1031,1018,13
2026-05-22,Plant_1,Line_2,M05,B,1161,978,969,9
2026-05-22,Plant_1,Line_2,M05,C,917,846,803,43
2026-05-22,Plant_1,Line_2,M06,A,825,711,674,37
2026-05-22,Plant_1,Line_2,M06,B,1177,1050,973,77
2026-05-22,Plant_1,Line_2,M06,C,951,847,825,22
2026-05-22,Plant_1,Line_3,M07,A,1092,961,903,58
2026-05-22,Plant_1,Line_3,M07,B,899,813,767,46
2026-05-22,Plant_1,Line_3,M07,C,945,919,901,18
2026-05-22,Plant_1,Line_3,M08,A,1041,885,862,23
2026-05-22,Plant_1,Line_3,M08,B,907,900,878,22
2026-05-22,Plant_1,Line_3,M08,C,949,782,740,42
2026-05-22,Plant_1,Line_3,M09,A,959,908,883,25
2026-05-22,Plant_1,Line_3,M09,B,876,822,786,36
2026-05-22,Plant_1,Line_3,M09,C,1057,924,877,47
2026-05-23,Plant_1,Line_1,M01,A,945,851,817,34
2026-05-23,Plant_1,Line_1,M01,B,966,932,922,10
2026-05-23,Plant_1,Line_1,M01,C,1079,912,897,15
2026-05-23,Plant_1,Line_1,M02,A,1017,902,836,66
2026-05-23,Plant_1,Line_1,M02,B,908,758,746,12
2026-05-23,Plant_1,Line_1,M02,C,1152,1081,1040,41
2026-05-23,Plant_1,Line_1,M03,A,1152,996,962,34
2026-05-23,Plant_1,Line_1,M03,B,995,903,842,61
2026-05-23,Plant_1,Line_1,M03,C,804,670,634,36
2026-05-23,Plant_1,Line_2,M04,A,1063,1058,1000,58
2026-05-23,Plant_1,Line_2,M04,B,1099,972,940,32
2026-05-23,Plant_1,Line_2,M04,C,1125,934,900,34
2026-05-23,Plant_1,Line_2,M05,A,901,839,788,51
2026-05-23,Plant_1,Line_2,M05,B,1085,962,914,48
2026-05-23,Plant_1,Line_2,M05,C,835,845,799,46
2026-05-23,Plant_1,Line_2,M06,A,1102,947,903,44
2026-05-23,Plant_1,Line_2,M06,B,957,870,816,54
2026-05-23,Plant_1,Line_2,M06,C,944,830,765,65
2026-05-23,Plant_1,Line_3,M07,A,802,806,785,21
2026-05-23,Plant_1,Line_3,M07,B,1147,1164,1151,13
2026-05-23,Plant_1,Line_3,M07,C,1159,1128,1098,30
2026-05-23,Plant_1,Line_3,M08,A,1085,1002,949,53
2026-05-23,Plant_1,Line_3,M08,B,1030,1022,969,53
2026-05-23,Plant_1,Line_3,M08,C,837,713,703,10
2026-05-23,Plant_1,Line_3,M09,A,1091,960,933,27
2026-05-23,Plant_1,Line_3,M09,B,865,775,749,26
2026-05-23,Plant_1,Line_3,M09,C,1048,975,945,30
2026-05-24,Plant_1,Line_1,M01,A,979,857,792,65
2026-05-24,Plant_1,Line_1,M01,B,1110,946,885,61
2026-05-24,Plant_1,Line_1,M01,C,942,959,893,66
2026-05-24,Plant_1,Line_1,M02,A,811,815,801,14
2026-05-24,Plant_1,Line_1,M02,B,881,833,786,47
2026-05-24,Plant_1,Line_1,M02,C,957,922,904,18
2026-05-24,Plant_1,Line_1,M03,A,806,710,699,11
2026-05-24,Plant_1,Line_1,M03,B,962,822,774,48
2026-05-24,Plant_1,Line_1,M03,C,1005,1020,965,55
2026-05-24,Plant_1,Line_2,M04,A,824,770,737,33
2026-05-24,Plant_1,Line_2,M04,B,1088,1092,1044,48
2026-05-24,Plant_1,Line_2,M04,C,909,908,847,61
2026-05-24,Plant_1,Line_2,M05,A,1186,1198,1117,81
2026-05-24,Plant_1,Line_2,M05,B,940,839,827,12
2026-05-24,Plant_1,Line_2,M05,C,824,714,703,11
2026-05-24,Plant_1,Line_2,M06,A,811,821,788,33
2026-05-24,Plant_1,Line_2,M06,B,940,946,879,67
2026-05-24,Plant_1,Line_2,M06,C,1115,1104,1093,11
2026-05-24,Plant_1,Line_3,M07,A,842,794,750,44
2026-05-24,Plant_1,Line_3,M07,B,1086,903,845,58
2026-05-24,Plant_1,Line_3,M07,C,1065,918,878,40
2026-05-24,Plant_1,Line_3,M08,A,977,812,765,47
2026-05-24,Plant_1,Line_3,M08,B,882,753,742,11
2026-05-24,Plant_1,Line_3,M08,C,955,841,827,14
2026-05-24,Plant_1,Line_3,M09,A,879,842,798,44
2026-05-24,Plant_1,Line_3,M09,B,1059,1079,1007,72
2026-05-24,Plant_1,Line_3,M09,C,1158,1000,978,22
2026-05-25,Plant_1,Line_1,M01,A,923,913,858,55
2026-05-25,Plant_1,Line_1,M01,B,915,824,779,45
2026-05-25,Plant_1,Line_1,M01,C,806,745,713,32
2026-05-25,Plant_1,Line_1,M02,A,1028,922,851,71
2026-05-25,Plant_1,Line_1,M02,B,982,886,848,38
2026-05-25,Plant_1,Line_1,M02,C,1045,1022,971,51
2026-05-25,Plant_1,Line_1,M03,A,1113,954,904,50
2026-05-25,Plant_1,Line_1,M03,B,812,667,650,17
2026-05-25,Plant_1,Line_1,M03,C,1012,870,858,12
2026-05-25,Plant_1,Line_2,M04,A,959,879,864,15
2026-05-25,Plant_1,Line_2,M04,B,987,936,894,42
2026-05-25,Plant_1,Line_2,M04,C,1055,885,846,39
2026-05-25,Plant_1,Line_2,M05,A,995,987,961,26
2026-05-25,Plant_1,Line_2,M05,B,881,806,777,29
2026-05-25,Plant_1,Line_2,M05,C,841,821,762,59
2026-05-25,Plant_1,Line_2,M06,A,904,759,717,42
2026-05-25,Plant_1,Line_2,M06,B,928,911,898,13
2026-05-25,Plant_1,Line_2,M06,C,896,885,874,11
2026-05-25,Plant_1,Line_3,M07,A,1031,940,889,51
2026-05-25,Plant_1,Line_3,M07,B,1089,977,937,40
2026-05-25,Plant_1,Line_3,M07,C,878,876,840,36
2026-05-25,Plant_1,Line_3,M08,A,972,826,776,50
2026-05-25,Plant_1,Line_3,M08,B,886,847,837,10
2026-05-25,Plant_1,Line_3,M08,C,886,853,841,12
2026-05-25,Plant_1,Line_3,M09,A,951,786,751,35
2026-05-25,Plant_1,Line_3,M09,B,1031,918,890,28
2026-05-25,Plant_1,Line_3,M09,C,938,951,879,72
2026-05-26,Plant_1,Line_1,M01,A,827,736,708,28
2026-05-26,Plant_1,Line_1,M01,B,1060,1009,945,64
2026-05-26,Plant_1,Line_1,M01,C,1119,1012,997,15
2026-05-26,Plant_1,Line_1,M02,A,1167,1182,1146,36
2026-05-26,Plant_1,Line_1,M02,B,1055,913,842,71
2026-05-26,Plant_1,Line_1,M02,C,848,738,718,20
2026-05-26,Plant_1,Line_1,M03,A,904,857,817,40
2026-05-26,Plant_1,Line_1,M03,B,989,988,956,32
2026-05-26,Plant_1,Line_1,M03,C,963,846,780,66
2026-05-26,Plant_1,Line_2,M04,A,1173,1075,995,80
2026-05-26,Plant_1,Line_2,M04,B,1199,1177,1112,65
2026-05-26,Plant_1,Line_2,M04,C,810,671,660,11
2026-05-26,Plant_1,Line_2,M05,A,982,823,794,29
2026-05-26,Plant_1,Line_2,M05,B,1133,1028,974,54
2026-05-26,Plant_1,Line_2,M05,C,1077,942,872,70
2026-05-26,Plant_1,Line_2,M06,A,971,834,774,60
2026-05-26,Plant_1,Line_2,M06,B,1175,1196,1128,68
2026-05-26,Plant_1,Line_2,M06,C,1021,1013,943,70
2026-05-26,Plant_1,Line_3,M07,A,1032,958,906,52
2026-05-26,Plant_1,Line_3,M07,B,948,962,902,60
2026-05-26,Plant_1,Line_3,M07,C,1037,1011,955,56
2026-05-26,Plant_1,Line_3,M08,A,1002,885,830,55
2026-05-26,Plant_1,Line_3,M08,B,1144,1152,1137,15
2026-05-26,Plant_1,Line_3,M08,C,1057,894,840,54
2026-05-26,Plant_1,Line_3,M09,A,1082,1096,1048,48
2026-05-26,Plant_1,Line_3,M09,B,887,788,758,30
2026-05-26,Plant_1,Line_3,M09,C,988,957,907,50
2026-05-27,Plant_1,Line_1,M01,A,917,855,806,49
2026-05-27,Plant_1,Line_1,M01,B,1094,1023,950,73
2026-05-27,Plant_1,Line_1,M01,C,1028,875,838,37
2026-05-27,Plant_1,Line_1,M02,A,943,926,869,57
2026-05-27,Plant_1,Line_1,M02,B,802,816,803,13
2026-05-27,Plant_1,Line_1,M02,C,1023,1018,961,57
2026-05-27,Plant_1,Line_1,M03,A,809,783,731,52
2026-05-27,Plant_1,Line_1,M03,B,1018,873,843,30
2026-05-27,Plant_1,Line_1,M03,C,812,753,718,35
2026-05-27,Plant_1,Line_2,M04,A,1033,1004,992,12
2026-05-27,Plant_1,Line_2,M04,B,1008,828,777,51
2026-05-27,Plant_1,Line_2,M04,C,1176,1123,1053,70
2026-05-27,Plant_1,Line_2,M05,A,1022,900,836,64
2026-05-27,Plant_1,Line_2,M05,B,900,760,732,28
2026-05-27,Plant_1,Line_2,M05,C,931,897,833,64
2026-05-27,Plant_1,Line_2,M06,A,1026,869,820,49
2026-05-27,Plant_1,Line_2,M06,B,1109,1063,1053,10
2026-05-27,Plant_1,Line_2,M06,C,837,714,698,16
2026-05-27,Plant_1,Line_3,M07,A,819,737,685,52
2026-05-27,Plant_1,Line_3,M07,B,1020,967,953,14
2026-05-27,Plant_1,Line_3,M07,C,1135,981,923,58
2026-05-27,Plant_1,Line_3,M08,A,1175,1105,1042,63
2026-05-27,Plant_1,Line_3,M08,B,881,828,819,9
2026-05-27,Plant_1,Line_3,M08,C,1104,1045,1024,21
2026-05-27,Plant_1,Line_3,M09,A,951,843,789,54
2026-05-27,Plant_1,Line_3,M09,B,916,895,854,41
2026-05-27,Plant_1,Line_3,M09,C,972,825,798,27
2026-05-28,Plant_1,Line_1,M01,A,982,851,821,30
2026-05-28,Plant_1,Line_1,M01,B,912,856,804,52
2026-05-28,Plant_1,Line_1,M01,C,1112,1119,1058,61
2026-05-28,Plant_1,Line_1,M02,A,997,944,883,61
2026-05-28,Plant_1,Line_1,M02,B,1198,1080,1006,74
2026-05-28,Plant_1,Line_1,M02,C,874,846,782,64
2026-05-28,Plant_1,Line_1,M03,A,1124,963,929,34
2026-05-28,Plant_1,Line_1,M03,B,849,724,682,42
2026-05-28,Plant_1,Line_1,M03,C,1149,1133,1101,32
2026-05-28,Plant_1,Line_2,M04,A,1136,1142,1069,73
2026-05-28,Plant_1,Line_2,M04,B,834,755,702,53
2026-05-28,Plant_1,Line_2,M04,C,1148,1047,1002,45
2026-05-28,Plant_1,Line_2,M05,A,873,879,827,52
2026-05-28,Plant_1,Line_2,M05,B,889,743,698,45
2026-05-28,Plant_1,Line_2,M05,C,928,905,896,9
2026-05-28,Plant_1,Line_2,M06,A,1096,933,884,49
2026-05-28,Plant_1,Line_2,M06,B,987,888,822,66
2026-05-28,Plant_1,Line_2,M06,C,835,686,666,20
2026-05-28,Plant_1,Line_3,M07,A,905,793,771,22
2026-05-28,Plant_1,Line_3,M07,B,962,841,787,54
2026-05-28,Plant_1,Line_3,M07,C,1193,1043,978,65
2026-05-28,Plant_1,Line_3,M08,A,905,895,870,25
2026-05-28,Plant_1,Line_3,M08,B,1128,1034,1022,12
2026-05-28,Plant_1,Line_3,M08,C,883,833,792,41
2026-05-28,Plant_1,Line_3,M09,A,820,759,730,29
2026-05-28,Plant_1,Line_3,M09,B,806,674,657,17
2026-05-28,Plant_1,Line_3,M09,C,959,913,843,70
2026-05-29,Plant_1,Line_1,M01,A,942,938,903,35
2026-05-29,Plant_1,Line_1,M01,B,953,861,837,24
2026-05-29,Plant_1,Line_1,M01,C,1112,1021,941,80
2026-05-29,Plant_1,Line_1,M02,A,868,825,806,19
2026-05-29,Plant_1,Line_1,M02,B,1104,1007,929,78
2026-05-29,Plant_1,Line_1,M02,C,1183,1198,1171,27
2026-05-29,Plant_1,Line_1,M03,A,960,816,795,21
2026-05-29,Plant_1,Line_1,M03,B,1126,1077,1026,51
2026-05-29,Plant_1,Line_1,M03,C,951,801,745,56
2026-05-29,Plant_1,Line_2,M04,A,842,701,660,41
2026-05-29,Plant_1,Line_2,M04,B,816,769,750,19
2026-05-29,Plant_1,Line_2,M04,C,897,822,805,17
2026-05-29,Plant_1,Line_2,M05,A,801,763,744,19
2026-05-29,Plant_1,Line_2,M05,B,1129,1030,991,39
2026-05-29,Plant_1,Line_2,M05,C,924,896,869,27
2026-05-29,Plant_1,Line_2,M06,A,1093,1072,1027,45
2026-05-29,Plant_1,Line_2,M06,B,991,969,926,43
2026-05-29,Plant_1,Line_2,M06,C,831,724,709,15
2026-05-29,Plant_1,Line_3,M07,A,1182,1148,1076,72
2026-05-29,Plant_1,Line_3,M07,B,942,811,754,57
2026-05-29,Plant_1,Line_3,M07,C,1013,863,839,24
2026-05-29,Plant_1,Line_3,M08,A,1180,1074,990,84
2026-05-29,Plant_1,Line_3,M08,B,825,768,731,37
2026-05-29,Plant_1,Line_3,M08,C,1047,955,885,70
2026-05-29,Plant_1,Line_3,M09,A,896,804,752,52
2026-05-29,Plant_1,Line_3,M09,B,966,919,857,62
2026-05-29,Plant_1,Line_3,M09,C,977,819,786,33
2026-05-30,Plant_1,Line_1,M01,A,1066,917,875,42
2026-05-30,Plant_1,Line_1,M01,B,1096,1025,970,55
2026-05-30,Plant_1,Line_1,M01,C,854,810,791,19
2026-05-30,Plant_1,Line_1,M02,A,1037,960,940,20
2026-05-30,Plant_1,Line_1,M02,B,1067,910,862,48
2026-05-30,Plant_1,Line_1,M02,C,1164,1165,1131,34
2026-05-30,Plant_1,Line_1,M03,A,839,773,733,40
2026-05-30,Plant_1,Line_1,M03,B,807,806,762,44
2026-05-30,Plant_1,Line_1,M03,C,906,799,747,52
2026-05-30,Plant_1,Line_2,M04,A,1165,974,905,69
2026-05-30,Plant_1,Line_2,M04,B,811,785,760,25
2026-05-30,Plant_1,Line_2,M04,C,928,838,772,66
2026-05-30,Plant_1,Line_2,M05,A,820,791,766,25
2026-05-30,Plant_1,Line_2,M05,B,901,915,864,51
2026-05-30,Plant_1,Line_2,M05,C,927,762,725,37
2026-05-30,Plant_1,Line_2,M06,A,1152,951,887,64
2026-05-30,Plant_1,Line_2,M06,B,953,796,748,48
2026-05-30,Plant_1,Line_2,M06,C,988,876,850,26
2026-05-30,Plant_1,Line_3,M07,A,933,897,869,28
2026-05-30,Plant_1,Line_3,M07,B,1194,1194,1128,66
2026-05-30,Plant_1,Line_3,M07,C,1012,881,822,59
2026-05-30,Plant_1,Line_3,M08,A,875,776,759,17
2026-05-30,Plant_1,Line_3,M08,B,1076,906,892,14
2026-05-30,Plant_1,Line_3,M08,C,962,816,788,28
2026-05-30,Plant_1,Line_3,M09,A,1137,1102,1041,61
2026-05-30,Plant_1,Line_3,M09,B,975,912,856,56
2026-05-30,Plant_1,Line_3,M09,C,907,829,764,65
